country,combo,year,pathogen,drug,resistance_pct,n_isolates,source_files,total_DDD,watch_proportion,gdp_per_capita,health_expenditure,sanitation,physicians,hospital_beds,urbanisation,agricultural_land,gini,water_access,income_group,region,lag1_resistance,lag2_resistance,lag3_resistance,rolling3_mean_resistance,delta_resistance,lag1_total_DDD,lag1_watch_proportion,antibiotic_pressure_index,ses_risk_score
India,Acinetobacter_spp_COL,2019,Acinetobacter_spp,COL,0.0,4.0,Study II (n=232).csv,18.17,0.3909,2041.42863698585,2.95299792,51.9223137988177,0.889,1.62,33.8139578818147,60.2198312250478,35.631,92.4317828217009,LMI,South/SE Asia,9.67741935483871,9.67741935483871,9.67741935483871,9.67741935483871,-9.67741935483871,18.1,0.4018,7.2725800000000005,0.4736350751783409
India,Acinetobacter_spp_COL,2020,Acinetobacter_spp,COL,0.0,20.0,Study II (n=232).csv,18.0,0.4147,1907.04251637669,3.34146094,54.1679248186604,0.723,1.61,34.1286726088333,60.0459439188212,35.532,93.0977309081783,LMI,South/SE Asia,0.0,9.67741935483871,9.67741935483871,4.838709677419355,0.0,18.17,0.3909,7.102653000000001,0.47373636009469344
India,E_coli_COL,2019,E_coli,COL,0.0,24.0,Study II (n=232).csv,18.17,0.3909,2041.42863698585,2.95299792,51.9223137988177,0.889,1.62,33.8139578818147,60.2198312250478,35.631,92.4317828217009,LMI,South/SE Asia,5.714285714285714,5.714285714285714,5.714285714285714,5.714285714285714,-5.714285714285714,18.17,0.3909,7.102653000000001,0.4736350751783409
India,Pseudoman_sp_COL,2019,Pseudoman_sp,COL,0.0,9.0,Study II (n=232).csv,18.17,0.3909,2041.42863698585,2.95299792,51.9223137988177,0.889,1.62,33.8139578818147,60.2198312250478,35.631,92.4317828217009,LMI,South/SE Asia,23.076923076923077,23.076923076923077,23.076923076923077,23.076923076923077,-23.076923076923077,18.17,0.3909,7.102653000000001,0.4736350751783409
India,Pseudoman_sp_COL,2020,Pseudoman_sp,COL,0.0,37.0,Study II (n=232).csv,18.0,0.4147,1907.04251637669,3.34146094,54.1679248186604,0.723,1.61,34.1286726088333,60.0459439188212,35.532,93.0977309081783,LMI,South/SE Asia,0.0,23.076923076923077,23.076923076923077,11.538461538461538,0.0,18.0,0.4147,7.4646,0.47373636009469344
