country,combo,year,pathogen,drug,resistance_pct,n_isolates,source_files,total_DDD,watch_proportion,gdp_per_capita,health_expenditure,sanitation,physicians,hospital_beds,urbanisation,agricultural_land,gini,water_access,income_group,region,lag1_resistance,lag2_resistance,lag3_resistance,rolling3_mean_resistance,delta_resistance,lag1_total_DDD,lag1_watch_proportion,antibiotic_pressure_index,ses_risk_score
India,E_coli_COL,2023,E_coli,COL,1.3605442176870748,147.0,GASAR Study III (n=494)_updated.csv,19.77,0.4109,2530.12031278204,3.33944035,60.7767067943276,0.723,0.506,35.0676918424186,60.0604064994165,35.723,95.0740565981493,LMI,South/SE Asia,2.2058823529411766,2.2058823529411766,2.2058823529411766,2.2058823529411766,-0.8453381352541018,19.77,0.4109,8.123493,0.4462213556312331
India,K_pneumoniae_COL,2023,K_pneumoniae,COL,0.0,46.0,GASAR Study III (n=494)_updated.csv,19.77,0.4109,2530.12031278204,3.33944035,60.7767067943276,0.723,0.506,35.0676918424186,60.0604064994165,35.723,95.0740565981493,LMI,South/SE Asia,7.2727272727272725,7.2727272727272725,7.2727272727272725,7.2727272727272725,-7.2727272727272725,19.77,0.4109,8.123493,0.4462213556312331
India,Klebsiella_spp_COL,2023,Klebsiella_spp,COL,8.333333333333332,24.0,GASAR Study III (n=494)_updated.csv,19.77,0.4109,2530.12031278204,3.33944035,60.7767067943276,0.723,0.506,35.0676918424186,60.0604064994165,35.723,95.0740565981493,LMI,South/SE Asia,10.526315789473683,10.526315789473683,10.526315789473683,10.526315789473683,-2.192982456140351,19.77,0.4109,8.123493,0.4462213556312331
India,P_aeruginosa_COL,2023,P_aeruginosa,COL,0.0,17.0,GASAR Study III (n=494)_updated.csv,19.77,0.4109,2530.12031278204,3.33944035,60.7767067943276,0.723,0.506,35.0676918424186,60.0604064994165,35.723,95.0740565981493,LMI,South/SE Asia,9.523809523809524,9.523809523809524,9.523809523809524,9.523809523809524,-9.523809523809524,19.77,0.4109,8.123493,0.4462213556312331
